<?xml version="1.0" encoding="UTF-8" standalone="yes"?>
<manifest>
  <control namespace="mhh" constructor="ColorFilteredOptionset" version="0.0.18" display-name-key="ColorFilteredOptionset_Name" description-key="ColorFilteredOptionset_Desc" control-type="virtual" api-version="1.3.15">
    <external-service-usage enabled="false"/>
    <property name="value" display-name-key="Value_Display_Key" description-key="Value_Desc_Key" of-type="OptionSet" usage="bound" required="true"/>
    <property name="hideChoice" display-name-key="HideChoice_Display_Key" description-key="HideChoice_Desc_Key" of-type="Enum" usage="input" required="true" default-value="hideNoColor">
      <value name="hideNoColor" display-name-key="HideChoice_hideNoColor_Display_Key">hideNoColor</value>
      <value name="hideColor" display-name-key="HideChoice_hideColor_Display_Key">hideColor</value>
      <value name="hideSpecificColor" display-name-key="HideChoice_hideSpecificColor_Display_Key">hideSpecificColor</value>
      <value name="showSpecificColor" display-name-key="HideChoice_showSpecificColor_Display_Key">showSpecificColor</value>
    </property>
    <property name="hideSpecificColor" display-name-key="HideSpecificColor_Display_Key" description-key="HideSpecificColor_Desc_Key" of-type="SingleLine.Text" usage="input" required="false" default-value="#ff0000"/>
    <property name="controlType" display-name-key="Control_Type" of-type="Enum" usage="input" required="true" default-value="dropdown">
      <value name="dropdown" display-name-key="controlType_dropdown_displayname">dropdown</value>
      <value name="choicegroup" display-name-key="controlType_choicegroup_displayname">choicegroup</value>
    </property>
    <resources>
      <code path="bundle.js" order="1"/>
      <platform-library name="React" version="16.8.6"/>
      <platform-library name="Fluent" version="9.4.0"/>
      <resx path="strings/ColorFilteredOptionset.1033.resx" version="1.0.0"/>
    </resources>
    <feature-usage/>
    <built-by name="pac" version="1.36.3"/>
  </control>
</manifest>